{
	 "rootnode": {
		 "name": "RootNode"
		,"transformation": [
			 1
			,0
			,0
			,0
			,0
			,1
			,0
			,0
			,0
			,0
			,1
			,0
			,0
			,0
			,0
			,1
		]
		,"children": [
			{
				 "name": "box_B"
				,"transformation": [
					 100
					,0
					,0
					,0
					,0
					,-1.62921e-005
					,100
					,0
					,0
					,-100
					,-1.62921e-005
					,0
					,0
					,0
					,0
					,1
				]
				,"meshes": [
					 0
				]
			}
		]
	}
	,"flags": 8
	,"meshes": [
		{
			 "name": "Cube.930"
			,"materialindex": 0
			,"primitivetypes": 4
			,"vertices": [
				 -0.0760294
				,-0.0760294
				,-1.69939e-008
				,-0.0760294
				,-0.0760294
				,0.133635
				,-0.0760294
				,0.0760294
				,0.133635
				,-0.0760294
				,0.0760294
				,-1.69939e-008
				,0.0760294
				,0.0760294
				,-1.69939e-008
				,0.0760294
				,0.0760294
				,0.133635
				,0.0760294
				,-0.0760294
				,0.133635
				,0.0760294
				,-0.0760294
				,-1.69939e-008
				,-0.0164826
				,-0.0783688
				,0.0888445
				,-0.0217508
				,-0.0783688
				,0.117268
				,-0.0630654
				,-0.0783688
				,0.109611
				,-0.0577972
				,-0.0783688
				,0.0811869
				,-0.0760294
				,-0.0760294
				,-1.69939e-008
				,-0.0760294
				,0.0760294
				,-1.69939e-008
				,0.0760294
				,0.0760294
				,-1.69939e-008
				,0.0760294
				,-0.0760294
				,-1.69939e-008
				,0
				,0.0760294
				,0.133635
				,0.0760294
				,0.0760294
				,0.133635
				,0.0760294
				,0.0760294
				,-1.69939e-008
				,0
				,0.0760294
				,0.133635
				,0
				,-0.0760294
				,0.133635
				,0.0760294
				,-0.0760294
				,0.133635
				,0.0760294
				,0.0760294
				,0.133635
				,-0.0760294
				,-0.0760294
				,0.133635
				,0
				,-0.0760294
				,0.169632
				,0
				,0.0760294
				,0.169632
				,-0.0760294
				,0.0760294
				,0.133635
				,-0.0760294
				,-0.0760294
				,0.133635
				,0
				,-0.0760294
				,0.133635
				,0
				,0.0760294
				,0.133635
				,-0.0760294
				,0.0760294
				,0.133635
				,0.0760294
				,-0.0760294
				,0.133635
				,0
				,-0.0760294
				,0.133635
				,0.0760294
				,-0.0760294
				,-1.69939e-008
				,-0.0760294
				,-0.0760294
				,-1.69939e-008
				,-0.0760294
				,-0.0760294
				,0.133635
				,-0.0760294
				,0.0760294
				,-1.69939e-008
				,-0.0760294
				,0.0760294
				,0.133635
			]
			,"normals": [
				 -1
				,0
				,0
				,-1
				,0
				,0
				,-1
				,0
				,0
				,-1
				,0
				,0
				,1
				,0
				,0
				,1
				,0
				,0
				,1
				,0
				,0
				,1
				,0
				,0
				,0
				,-1
				,-1.19802e-007
				,0
				,-1
				,-1.19802e-007
				,0
				,-1
				,-1.19802e-007
				,0
				,-1
				,-1.19802e-007
				,0
				,0
				,-1
				,0
				,0
				,-1
				,0
				,0
				,-1
				,0
				,0
				,-1
				,0
				,1
				,0
				,0
				,1
				,0
				,0
				,1
				,0
				,0
				,0
				,1
				,0
				,0
				,1
				,0
				,0
				,1
				,0
				,0
				,1
				,-0.427923
				,0
				,0.903815
				,-0.427923
				,0
				,0.903815
				,-0.427923
				,0
				,0.903815
				,-0.427923
				,0
				,0.903815
				,0
				,0
				,1
				,0
				,0
				,1
				,0
				,0
				,1
				,0
				,0
				,1
				,0
				,-1
				,0
				,0
				,-1
				,0
				,0
				,-1
				,0
				,0
				,-1
				,0
				,0
				,-1
				,0
				,0
				,1
				,0
				,0
				,1
				,0
			]
			,"tangents": [
				 0
				,1
				,0
				,0
				,1
				,0
				,0
				,1
				,0
				,0
				,1
				,0
				,0
				,-1
				,0
				,0
				,-1
				,0
				,0
				,-1
				,0
				,0
				,-1
				,0
				,1
				,-3.68364e-012
				,3.07477e-005
				,1
				,-3.66666e-012
				,3.0606e-005
				,1
				,-3.68364e-012
				,3.07477e-005
				,1
				,-3.68364e-012
				,3.07477e-005
				,"NaN"
				,"NaN"
				,"NaN"
				,"NaN"
				,"NaN"
				,"NaN"
				,"NaN"
				,"NaN"
				,"NaN"
				,"NaN"
				,"NaN"
				,"NaN"
				,1
				,0
				,0
				,1
				,0
				,0
				,1
				,0
				,0
				,"NaN"
				,"NaN"
				,"NaN"
				,"NaN"
				,"NaN"
				,"NaN"
				,"NaN"
				,"NaN"
				,"NaN"
				,"NaN"
				,"NaN"
				,"NaN"
				,0
				,1
				,0
				,0
				,1
				,0
				,0
				,1
				,0
				,0
				,1
				,0
				,"NaN"
				,"NaN"
				,"NaN"
				,"NaN"
				,"NaN"
				,"NaN"
				,"NaN"
				,"NaN"
				,"NaN"
				,"NaN"
				,"NaN"
				,"NaN"
				,1
				,0
				,0
				,1
				,0
				,0
				,1
				,0
				,0
				,1
				,0
				,0
				,1
				,0
				,0
				,1
				,0
				,0
				,1
				,0
				,0
			]
			,"bitangents": [
				 "NaN"
				,"NaN"
				,"NaN"
				,"NaN"
				,"NaN"
				,"NaN"
				,"NaN"
				,"NaN"
				,"NaN"
				,"NaN"
				,"NaN"
				,"NaN"
				,"NaN"
				,"NaN"
				,"NaN"
				,"NaN"
				,"NaN"
				,"NaN"
				,"NaN"
				,"NaN"
				,"NaN"
				,"NaN"
				,"NaN"
				,"NaN"
				,-2.25502e-005
				,1.19802e-007
				,-1
				,-2.26796e-005
				,1.19802e-007
				,-1
				,-2.25502e-005
				,1.19802e-007
				,-1
				,-2.25502e-005
				,1.19802e-007
				,-1
				,0
				,-1
				,0
				,0
				,-1
				,0
				,0
				,-1
				,0
				,0
				,-1
				,0
				,-4.45634e-006
				,0
				,-1
				,0
				,0
				,-1
				,-4.45634e-006
				,0
				,-1
				,0
				,1
				,0
				,0
				,1
				,0
				,0
				,1
				,0
				,0
				,1
				,0
				,0
				,1
				,0
				,0
				,1
				,0
				,0
				,1
				,0
				,0
				,1
				,0
				,0
				,1
				,0
				,0
				,1
				,0
				,0
				,1
				,0
				,0
				,1
				,0
				,0
				,0
				,-1
				,0
				,0
				,-1
				,-4.45634e-006
				,0
				,-1
				,0
				,0
				,-1
				,0
				,0
				,-1
				,-1.3369e-005
				,0
				,-1
				,0
				,0
				,-1
			]
			,"numuvcomponents": [
				 2
			]
			,"texturecoords": [
				[
					 0.65125
					,0.593695
					,0.65125
					,0.638891
					,0.65125
					,0.638891
					,0.65125
					,0.593695
					,0.714587
					,0.593695
					,0.714587
					,0.638891
					,0.714587
					,0.638891
					,0.714587
					,0.593695
					,0.676053
					,0.695992
					,0.673859
					,0.705605
					,0.656651
					,0.703015
					,0.658845
					,0.693402
					,0.65125
					,0.568321
					,0.65125
					,0.568321
					,0.714587
					,0.568321
					,0.714587
					,0.568321
					,0.682918
					,0.638891
					,0.714587
					,0.638891
					,0.714587
					,0.593695
					,0.682918
					,0.676953
					,0.682918
					,0.676953
					,0.714587
					,0.676953
					,0.714587
					,0.676953
					,0.65125
					,0.676953
					,0.682918
					,0.689127
					,0.682918
					,0.689127
					,0.65125
					,0.676953
					,0.65125
					,0.539266
					,0.682918
					,0.539266
					,0.682918
					,0.539266
					,0.65125
					,0.539266
					,0.714587
					,0.638891
					,0.682918
					,0.638891
					,0.714587
					,0.593695
					,0.65125
					,0.593695
					,0.65125
					,0.638891
					,0.65125
					,0.593695
					,0.65125
					,0.638891
				]
			]
			,"faces": [
				[
					 0
					,1
					,2
				]
				,[
					 0
					,2
					,3
				]
				,[
					 4
					,5
					,6
				]
				,[
					 4
					,6
					,7
				]
				,[
					 8
					,9
					,10
				]
				,[
					 8
					,10
					,11
				]
				,[
					 12
					,13
					,14
				]
				,[
					 12
					,14
					,15
				]
				,[
					 16
					,17
					,18
				]
				,[
					 36
					,37
					,16
				]
				,[
					 36
					,16
					,18
				]
				,[
					 19
					,20
					,21
				]
				,[
					 19
					,21
					,22
				]
				,[
					 23
					,24
					,25
				]
				,[
					 23
					,25
					,26
				]
				,[
					 27
					,28
					,29
				]
				,[
					 27
					,29
					,30
				]
				,[
					 31
					,32
					,33
				]
				,[
					 34
					,33
					,32
				]
				,[
					 34
					,32
					,35
				]
			]
		}
	]
	,"materials": [
		{
			 "properties": [
				{
					 "key": "?mat.name"
					,"semantic": 0
					,"index": 0
					,"type": 3
					,"value": "citybits_texture"
				}
				,{
					 "key": "$clr.diffuse"
					,"semantic": 0
					,"index": 0
					,"type": 1
					,"value": [
						 1
						,1
						,1
					]
				}
				,{
					 "key": "$clr.ambient"
					,"semantic": 0
					,"index": 0
					,"type": 1
					,"value": [
						 0
						,0
						,0
					]
				}
				,{
					 "key": "$clr.specular"
					,"semantic": 0
					,"index": 0
					,"type": 1
					,