{
	 "rootnode": {
		 "name": "RootNode"
		,"transformation": [
			 1
			,0
			,0
			,0
			,0
			,1
			,0
			,0
			,0
			,0
			,1
			,0
			,0
			,0
			,0
			,1
		]
		,"children": [
			{
				 "name": "base"
				,"transformation": [
					 100
					,0
					,0
					,0
					,0
					,-1.62921e-005
					,100
					,0
					,0
					,-100
					,-1.62921e-005
					,0
					,0
					,0
					,0
					,1
				]
				,"meshes": [
					 0
				]
			}
		]
	}
	,"flags": 8
	,"meshes": [
		{
			 "name": "Cube.953"
			,"materialindex": 0
			,"primitivetypes": 4
			,"vertices": [
				 -1
				,0.9
				,0
				,-1
				,0.9
				,0.1
				,-1
				,1
				,0.1
				,-1
				,1
				,0
				,0.9
				,1
				,0
				,0.9
				,1
				,0.1
				,1
				,1
				,0.1
				,1
				,1
				,0
				,1
				,-0.9
				,0
				,1
				,-0.9
				,0.1
				,1
				,-1
				,0.1
				,1
				,-1
				,0
				,-0.9
				,-1
				,0
				,-0.9
				,-1
				,0.1
				,-1
				,-1
				,0.1
				,-1
				,-1
				,0
				,0.9
				,-0.9
				,0
				,1
				,-0.9
				,0
				,1
				,-1
				,0
				,0.9
				,-1
				,0
				,-0.9
				,-0.9
				,0.1
				,-1
				,-0.9
				,0.1
				,-1
				,-1
				,0.1
				,-0.9
				,-1
				,0.1
				,1
				,-0.9
				,0.1
				,0.9
				,-0.9
				,0.1
				,0.9
				,-1
				,0.1
				,1
				,-1
				,0.1
				,-0.9
				,-1
				,0
				,-0.9
				,-0.9
				,0
				,0.9
				,-1
				,0.1
				,-0.9
				,-1
				,0.1
				,-0.9
				,-1
				,0
				,0.9
				,-1
				,0
				,-1
				,-0.9
				,0
				,-0.9
				,-1
				,0
				,-1
				,-1
				,0
				,1
				,-1
				,0
				,1
				,-1
				,0.1
				,0.9
				,-1
				,0.1
				,0.9
				,-1
				,0
				,-0.9
				,1
				,0.1
				,0.9
				,1
				,0.1
				,0.9
				,1
				,0
				,-0.9
				,1
				,0
				,0.9
				,1
				,0.1
				,-0.9
				,1
				,0.1
				,-0.9
				,0.9
				,0.1
				,0.9
				,0.9
				,0.1
				,-1
				,1
				,0
				,-1
				,1
				,0.1
				,-0.9
				,1
				,0.1
				,-0.9
				,1
				,0
				,0.9
				,-1
				,0.1
				,0.9
				,-0.9
				,0.1
				,-0.9
				,-0.9
				,0.1
				,-0.9
				,-1
				,0.1
				,0.9
				,0.9
				,0
				,-0.9
				,0.9
				,0
				,-1
				,1
				,0
				,-0.9
				,1
				,0
				,-1
				,0.9
				,0
				,-1
				,-0.9
				,0
				,0.9
				,1
				,0
				,-0.9
				,0.9
				,0.1
				,-0.9
				,-0.9
				,0.1
				,0.9
				,-0.9
				,0.1
				,0.9
				,0.9
				,0.1
				,1
				,1
				,0.1
				,0.9
				,1
				,0.1
				,0.9
				,0.9
				,0.1
				,1
				,0.9
				,0.1
				,1
				,-0.9
				,0.1
				,1
				,0.9
				,0.1
				,-0.9
				,1
				,0.1
				,-1
				,1
				,0.1
				,-1
				,0.9
				,0.1
				,-0.9
				,0.9
				,0.1
				,-1
				,0.9
				,0.1
				,-1
				,-0.9
				,0.1
				,1
				,1
				,0
				,1
				,0.9
				,0
				,1
				,-0.9
				,0
				,1
				,1
				,0
				,1
				,1
				,0.1
				,1
				,0.9
				,0.1
				,1
				,0.9
				,0
				,1
				,0.9
				,0.1
				,1
				,-0.9
				,0.1
				,1
				,-0.9
				,0
				,1
				,0.9
				,0
				,-1
				,-1
				,0
				,-1
				,-1
				,0.1
				,-1
				,-0.9
				,0.1
				,-1
				,-0.9
				,0
				,-1
				,-0.9
				,0.1
				,-1
				,0.9
				,0.1
				,-1
				,0.9
				,0
				,-1
				,-0.9
				,0
			]
			,"normals": [
				 -1
				,0
				,0
				,-1
				,0
				,0
				,-1
				,0
				,0
				,-1
				,0
				,0
				,0
				,1
				,0
				,0
				,1
				,0
				,0
				,1
				,0
				,0
				,1
				,0
				,1
				,0
				,0
				,1
				,0
				,0
				,1
				,0
				,0
				,1
				,0
				,0
				,0
				,-1
				,0
				,0
				,-1
				,0
				,0
				,-1
				,0
				,0
				,-1
				,0
				,0
				,0
				,-1
				,0
				,0
				,-1
				,0
				,0
				,-1
				,0
				,0
				,-1
				,0
				,0
				,1
				,0
				,0
				,1
				,0
				,0
				,1
				,0
				,0
				,1
				,0
				,0
				,1
				,0
				,0
				,1
				,0
				,0
				,1
				,0
				,0
				,1
				,0
				,0
				,-1
				,0
				,0
				,-1
				,0
				,-1
				,0
				,0
				,-1
				,0
				,0
				,-1
				,0
				,0
				,-1
				,0
				,0
				,0
				,-1
				,0
				,0
				,-1
				,0
				,0
				,-1
				,0
				,-1
				,0
				,0
				,-1
				,0
				,0
				,-1
				,0
				,0
				,-1
				,0
				,0
				,1
				,0
				,0
				,1
				,0
				,0
				,1
				,0
				,0
				,1
				,0
				,0
				,0
				,1
				,0
				,0
				,1
				,0
				,0
				,1
				,0
				,0
				,1
				,0
				,1
				,0
				,0
				,1
				,0
				,0
				,1
				,0
				,0
				,1
				,0
				,0
				,0
				,1
				,0
				,0
				,1
				,0
				,0
				,1
				,0
				,0
				,1
				,0
				,0
				,-1
				,0
				,0
				,-1
				,0
				,0
				,-1
				,0
				,0
				,-1
				,0
				,0
				,-1
				,0
				,0
				,-1
				,0
				,0
				,-1
				,0
				,0
				,1
				,0
				,0
				,1
				,0
				,0
				,1
				,0
				,0
				,1
				,0
				,0
				,1
				,0
				,0
				,1
				,0
				,0
				,1
				,0
				,0
				,1
				,0
				,0
				,1
				,0
				,0
				,1
				,0
				,0
				,1
				,0
				,0
				,1
				,0
				,0
				,1
				,0
				,0
				,1
				,0
				,0
				,1
				,0
				,0
				,1
				,0
				,0
				,-1
				,0
				,0
				,-1
				,0
				,0
				,-1
				,1
				,0
				,0
				,1
				,0
				,0
				,1
				,0
				,0
				,1
				,0
				,0
				,1
				,0
				,0
				,1
				,0
				,0
				,1
				,0
				,0
				,1
				,0
				,0
				,-1
				,0
				,0
				,-1
				,0
				,0
				,-1
				,0
				,0
				,-1
				,0
				,0
				,-1
				,0
				,0
				,-1
				,0
				,0
				,-1
				,0
				,0
				,-1
				,0
				,0
			]
			,