{
	 "rootnode": {
		 "name": "RootNode"
		,"transformation": [
			 1
			,0
			,0
			,0
			,0
			,1
			,0
			,0
			,0
			,0
			,1
			,0
			,0
			,0
			,0
			,1
		]
		,"children": [
			{
				 "name": "trash_B"
				,"transformation": [
					 100
					,0
					,0
					,0
					,0
					,-1.62921e-005
					,100
					,0
					,0
					,-100
					,-1.62921e-005
					,0
					,0
					,0
					,0
					,1
				]
				,"meshes": [
					 0
				]
			}
		]
	}
	,"flags": 8
	,"meshes": [
		{
			 "name": "Icosphere.021"
			,"materialindex": 0
			,"primitivetypes": 4
			,"vertices": [
				 0.0159793
				,-0.03847
				,0
				,0.0415533
				,-0.00293273
				,0
				,0.0215167
				,-0.0154843
				,0.0232425
				,-0.0257218
				,-0.0251294
				,0
				,-0.00807741
				,-0.0252482
				,0.0232425
				,-0.0259208
				,0.0186536
				,0
				,-0.0257218
				,-0.0251294
				,0
				,-0.0265085
				,-0.000120025
				,0.0232425
				,0.0156581
				,0.0323716
				,0
				,-0.0259208
				,0.0186536
				,0
				,-0.00830601
				,0.0251739
				,0.0232425
				,0.0415533
				,-0.00293273
				,0
				,0.0213751
				,0.0156786
				,0.0232425
				,-0.0265085
				,-0.000120025
				,0.0232425
				,-0.0259208
				,0.0186536
				,0
				,-0.0265085
				,-0.000120025
				,0.0232425
				,0.0415533
				,-0.00293273
				,0
				,0.0215167
				,-0.0154843
				,0.0232425
				,-0.00807741
				,-0.0252482
				,0.0232425
				,0.0215167
				,-0.0154843
				,0.0232425
				,0.00283804
				,-0.00204237
				,0.0403903
				,-0.0265085
				,-0.000120025
				,0.0232425
				,-0.00807741
				,-0.0252482
				,0.0232425
				,0.00283804
				,-0.00204237
				,0.0403903
				,-0.00830601
				,0.0251739
				,0.0232425
				,-0.0265085
				,-0.000120025
				,0.0232425
				,0.00283804
				,-0.00204237
				,0.0403903
				,0.0213751
				,0.0156786
				,0.0232425
				,0.00283804
				,-0.00204237
				,0.0403903
				,0.0215167
				,-0.0154843
				,0.0232425
				,0.0213751
				,0.0156786
				,0.0232425
				,0.00283804
				,-0.00204237
				,0.0403903
				,0.0415533
				,-0.00293273
				,0
				,-0.0259208
				,0.0186536
				,0
				,0.0159793
				,-0.03847
				,0
				,-0.0257218
				,-0.0251294
				,0
			]
			,"normals": [
				 0.311762
				,-0.866806
				,-0.389168
				,0.920943
				,-0.0202964
				,-0.389168
				,0.597788
				,-0.430191
				,0.67645
				,-0.688506
				,-0.558101
				,-0.463124
				,-0.26892
				,-0.726661
				,0.632175
				,-0.69347
				,0.499048
				,-0.519665
				,-0.688506
				,-0.558101
				,-0.463124
				,-0.836135
				,0.0177748
				,0.548236
				,0.310512
				,0.83012
				,-0.463124
				,-0.69347
				,0.499048
				,-0.519665
				,-0.282434
				,0.78719
				,0.548236
				,0.920943
				,-0.0202964
				,-0.389168
				,0.603616
				,0.485802
				,0.632175
				,-0.836135
				,0.0177748
				,0.548236
				,-0.69347
				,0.499048
				,-0.519665
				,-0.836135
				,0.0177748
				,0.548236
				,0.920943
				,-0.0202964
				,-0.389168
				,0.597788
				,-0.430191
				,0.67645
				,-0.26892
				,-0.726661
				,0.632175
				,0.597788
				,-0.430191
				,0.67645
				,0.0594935
				,-0.0428139
				,0.99731
				,-0.836135
				,0.0177748
				,0.548236
				,-0.26892
				,-0.726661
				,0.632175
				,0.0594935
				,-0.0428139
				,0.99731
				,-0.282434
				,0.78719
				,0.548236
				,-0.836135
				,0.0177748
				,0.548236
				,0.0594935
				,-0.0428139
				,0.99731
				,0.603616
				,0.485802
				,0.632175
				,0.0594935
				,-0.0428139
				,0.99731
				,0.597788
				,-0.430191
				,0.67645
				,0.603616
				,0.485802
				,0.632175
				,0.0594935
				,-0.0428139
				,0.99731
				,0.920943
				,-0.0202964
				,-0.389168
				,-0.69347
				,0.499048
				,-0.519665
				,0.311762
				,-0.866806
				,-0.389168
				,-0.688506
				,-0.558101
				,-0.463124
			]
			,"tangents": [
				 0.932065
				,0.35855
				,-0.051935
				,0.121739
				,0.963647
				,0.237831
				,0.660091
				,0.742963
				,-0.11084
				,0.686159
				,-0.70807
				,-0.166803
				,0.944355
				,-0.327999
				,0.0246956
				,-0.397468
				,-0.86657
				,-0.301787
				,0.464784
				,-0.829769
				,0.308963
				,0.0561823
				,-0.991443
				,0.11783
				,"NaN"
				,"NaN"
				,"NaN"
				,0.695449
				,0.652131
				,-0.301788
				,0.944146
				,0.329246
				,0.0136425
				,0.0902975
				,-0.96035
				,0.263769
				,0.610967
				,-0.791271
				,0.0246955
				,0.192796
				,-0.92618
				,0.324069
				,0.584112
				,0.811673
				,-1.88158e-008
				,0.213289
				,0.931356
				,0.295099
				,-0.018007
				,-0.999792
				,0.00953004
				,-0.282038
				,-0.902731
				,-0.324855
				,0.936221
				,-0.0430584
				,0.348764
				,0.766401
				,0.554165
				,-0.324855
				,0.947966
				,0.315453
				,-0.0430078
				,0.0561823
				,-0.991443
				,0.11783
				,0.780979
				,-0.548646
				,-0.298428
				,0.588728
				,-0.805321
				,-0.0696919
				,0.914245
				,0.393947
				,-0.0946639
				,0.213289
				,0.931356
				,0.295099
				,0.584112
				,0.811673
				,5.35924e-008
				,0.768295
				,-0.566272
				,-0.298428
				,0.950614
				,-0.302449
				,-0.0696919
				,-0.282038
				,-0.902731
				,-0.324855
				,0.338198
				,-0.874063
				,0.348764
				,0.00198252
				,-0.999073
				,-0.0430079
				,"NaN"
				,"NaN"
				,"NaN"
				,"NaN"
				,"NaN"
				,"NaN"
				,"NaN"
				,"NaN"
				,"NaN"
				,"NaN"
				,"NaN"
				,"NaN"
			]
			,"bitangents": [
				 -0.406567
				,0.248494
				,-0.879178
				,-0.328824
				,-0.57641
				,-0.748082
				,0.181766
				,-0.749106
				,-0.637026
				,0.600518
				,-0.0806866
				,-0.79553
				,-0.0603315
				,-0.642356
				,-0.764028
				,0.484923
				,0.856738
				,0.17564
				,-0.376924
				,0.820938
				,-0.428939
				,-0.0177042
				,0.998079
				,-0.0593609
				,-0.137564
				,-0.442836
				,-0.885987
				,0.404915
				,-0.326639
				,-0.854021
				,-0.0982875
				,0.544749
				,-0.832819
				,-0.351043
				,0.390418
				,-0.851083
				,0.102949
				,0.738788
				,-0.666028
				,-0.359088
				,-0.773278
				,-0.522587
				,0.711948
				,0.363932
				,-0.60057
				,-0.390267
				,0.683053
				,-0.617357
				,0.0168293
				,0.999783
				,-0.0123166
				,0.287674
				,0.902731
				,0.319875
				,-0.572025
				,0.648556
				,0.502158
				,-0.52062
				,0.433324
				,0.735653
				,-0.775267
				,0.62738
				,0.0731808
				,-0.0177042
				,0.998079
				,-0.0593609
				,-0.421701
				,0.67893
				,0.601018
				,-0.277291
				,0.959051
				,0.0577129
				,-0.501356
				,-0.608368
				,0.615249
				,0.0255837
				,-0.997123
				,0.0713473
				,-0.267694
				,-0.96317
				,-0.0253793
				,-0.415665
				,-0.484874
				,0.769493
				,-0.720626
				,-0.693198
				,0.0132296
				,-0.344485
				,-0.899786
				,-0.267797
				,0.274066
				,-0.871031
				,0.407669
				,-0.0572055
				,-0.997584
				,-0.0394132
				,-0.0186932
				,-0.999794
				,0.00790628
				,-0.399352
				,-0.866574
				,-0.299276
				,-0.541918
				,-0.498645
				,0.676519
				,0.463103
				,-0.829773
				,0.311467
			]
			,"numuvcomponents": [
				 2
			]
			,