{
	 "rootnode": {
		 "name": "RootNode"
		,"transformation": [
			 1
			,0
			,0
			,0
			,0
			,1
			,0
			,0
			,0
			,0
			,1
			,0
			,0
			,0
			,0
			,1
		]
		,"children": [
			{
				 "name": "bench"
				,"transformation": [
					 100
					,0
					,0
					,0
					,0
					,-1.62921e-005
					,100
					,0
					,0
					,-100
					,-1.62921e-005
					,0
					,0
					,0
					,0
					,1
				]
				,"meshes": [
					 0
				]
			}
		]
	}
	,"flags": 8
	,"meshes": [
		{
			 "name": "Cube.926"
			,"materialindex": 0
			,"primitivetypes": 4
			,"vertices": [
				 0.172867
				,-0.075
				,0.06
				,0.172867
				,-0.075
				,0.1
				,-0.172867
				,-0.075
				,0.1
				,-0.172867
				,-0.075
				,0.06
				,0.2
				,0.047867
				,0.06
				,0.2
				,0.047867
				,0.1
				,0.2
				,-0.047867
				,0.1
				,0.2
				,-0.047867
				,0.06
				,0.2
				,0.047867
				,0.1
				,0.172867
				,0.075
				,0.1
				,0.172867
				,-0.075
				,0.1
				,0.2
				,-0.047867
				,0.1
				,-0.172867
				,0.075
				,0.1
				,-0.2
				,0.047867
				,0.1
				,-0.2
				,-0.047867
				,0.1
				,-0.172867
				,-0.075
				,0.1
				,-0.2
				,-0.047867
				,0.06
				,-0.2
				,-0.047867
				,0.1
				,-0.2
				,0.047867
				,0.1
				,-0.2
				,0.047867
				,0.06
				,-0.172867
				,0.075
				,0.06
				,-0.172867
				,0.075
				,0.1
				,0.172867
				,0.075
				,0.1
				,0.172867
				,0.075
				,0.06
				,0.111095
				,0.046911
				,0
				,0.111095
				,0.046911
				,0.07
				,0.148905
				,0.046911
				,0.07
				,0.148905
				,0.046911
				,0
				,0.111095
				,-0.046911
				,0
				,0.111095
				,-0.046911
				,0.07
				,0.111095
				,0.046911
				,0.07
				,0.111095
				,0.046911
				,0
				,0.148905
				,0.046911
				,0
				,0.148905
				,0.046911
				,0.07
				,0.148905
				,-0.046911
				,0.07
				,0.148905
				,-0.046911
				,0
				,0.148905
				,-0.046911
				,0
				,0.148905
				,-0.046911
				,0.07
				,0.111095
				,-0.046911
				,0.07
				,0.111095
				,-0.046911
				,0
				,-0.148905
				,0.046911
				,0
				,-0.148905
				,0.046911
				,0.07
				,-0.111095
				,0.046911
				,0.07
				,-0.111095
				,0.046911
				,0
				,-0.148905
				,-0.046911
				,0
				,-0.148905
				,-0.046911
				,0.07
				,-0.148905
				,0.046911
				,0.07
				,-0.148905
				,0.046911
				,0
				,-0.111095
				,0.046911
				,0
				,-0.111095
				,0.046911
				,0.07
				,-0.111095
				,-0.046911
				,0.07
				,-0.111095
				,-0.046911
				,0
				,-0.111095
				,-0.046911
				,0
				,-0.111095
				,-0.046911
				,0.07
				,-0.148905
				,-0.046911
				,0.07
				,-0.148905
				,-0.046911
				,0
				,-0.172867
				,-0.075
				,0.06
				,-0.172867
				,-0.075
				,0.1
				,-0.2
				,-0.047867
				,0.1
				,-0.2
				,-0.047867
				,0.06
				,-0.172867
				,0.075
				,0.1
				,-0.172867
				,0.075
				,0.06
				,-0.2
				,0.047867
				,0.06
				,-0.2
				,0.047867
				,0.1
				,0.2
				,0.047867
				,0.1
				,0.2
				,0.047867
				,0.06
				,0.172867
				,0.075
				,0.06
				,0.172867
				,0.075
				,0.1
				,0.172867
				,-0.075
				,0.1
				,0.172867
				,-0.075
				,0.06
				,0.2
				,-0.047867
				,0.06
				,0.2
				,-0.047867
				,0.1
				,0.172867
				,0.075
				,0.06
				,0.2
				,0.047867
				,0.06
				,0.2
				,-0.047867
				,0.06
				,0.172867
				,-0.075
				,0.06
				,-0.2
				,0.047867
				,0.06
				,-0.172867
				,0.075
				,0.06
				,-0.172867
				,-0.075
				,0.06
				,-0.2
				,-0.047867
				,0.06
			]
			,"normals": [
				 0
				,-1
				,0
				,0
				,-1
				,0
				,0
				,-1
				,0
				,0
				,-1
				,0
				,1
				,0
				,0
				,1
				,0
				,0
				,1
				,0
				,0
				,1
				,0
				,0
				,0
				,0
				,1
				,0
				,0
				,1
				,0
				,0
				,1
				,0
				,0
				,1
				,0
				,0
				,1
				,0
				,0
				,1
				,0
				,0
				,1
				,0
				,0
				,1
				,-1
				,0
				,0
				,-1
				,0
				,0
				,-1
				,0
				,0
				,-1
				,0
				,0
				,0
				,1
				,0
				,0
				,1
				,0
				,0
				,1
				,0
				,0
				,1
				,0
				,0
				,1
				,0
				,0
				,1
				,0
				,0
				,1
				,0
				,0
				,1
				,0
				,-1
				,0
				,0
				,-1
				,0
				,0
				,-1
				,0
				,0
				,-1
				,0
				,0
				,1
				,0
				,0
				,1
				,0
				,0
				,1
				,0
				,0
				,1
				,0
				,0
				,0
				,-1
				,0
				,0
				,-1
				,0
				,0
				,-1
				,0
				,0
				,-1
				,0
				,0
				,1
				,0
				,0
				,1
				,0
				,0
				,1
				,0
				,0
				,1
				,0
				,-1
				,0
				,0
				,-1
				,0
				,0
				,-1
				,0
				,0
				,-1
				,0
				,0
				,1
				,0
				,0
				,1
				,0
				,0
				,1
				,0
				,0
				,1
				,0
				,0
				,0
				,-1
				,0
				,0
				,-1
				,0
				,0
				,-1
				,0
				,0
				,-1
				,0
				,-0.707107
				,-0.707107
				,0
				,-0.707107
				,-0.707107
				,0
				,-0.707107
				,-0.707107
				,0
				,-0.707107
				,-0.707107
				,0
				,-0.707107
				,0.707107
				,0
				,-0.707107
				,0.707107
				,0
				,-0.707107
				,0.707107
				,0
				,-0.707107
				,0.707107
				,0
				,0.707107
				,0.707107
				,0
				,0.707107
				,0.707107
				,0
				,0.707107
				,0.707107
				,0
				,0.707107
				,0.707107
				,0
				,0.707107
				,-0.707107
				,0
				,0.707107
				,-0.707107
				,0
				,0.707107
				,-0.707107
				,0
				,0.707107
				,-0.707107
				,0
				,2.32801e-008
				,0
				,-1
				,6.98404e-008
				,0
				,-1
				,6.98404e-008
				,0
				,-1
				,2.32801e-008
				,0
				,-1
				,-6.98404e-008
				,0
				,-1
				,-2.32801e-008
				,0
				,-1
				,-2.32801e-008
				,0
				,-1
				,-6.98404e-008
				,0
				,-1
			]
			,"tangents": [
				 1
				,0
				,0
				,1
				,0
				,0
				,1
				,0
				,0
				,1
				,0
				,0
				,0
				,-1
				,0
				,0
				,-1
				,0
				,0
				,-1
				,0
				,0
				,-1
				,0
				,"NaN"
				,"NaN"
				,"NaN"
				,"NaN"
				,"NaN"
				,"NaN"
				,"NaN"
				,"NaN"
				,"NaN"
				,"NaN"
				,"NaN"
				,"NaN"
				,"NaN"
				,"NaN"
				,"NaN"
				,"NaN"
				,"NaN"
				,"NaN"
				,"NaN"
				,"NaN"
				,"NaN"
				,"NaN"
				,"NaN"
				,"NaN"
				,0
				,1
				,0
				,0
				,1
				,0
				,0
				,1
				,0
				,0
				,1
				,0
				,1
				,0
				,0
				,1
				,0
				,0
				,1
				,0
				,0
				,1
				,0
				,0
				,1
				,0
				,0
				,1
				,0
				,0
				,1
				,0
				,0
				,1
				,0
				,0
				,0
				,1
				,0
				,0
				,1
				,0
				,0
				,1
				,0
				,0
				,1
				,0
				,0
				,-1
				,0
				,0
				,-1
				,0
				,0
				,-1
				,0
				,0
				,-1
				,0
				,1
				,0
				,0
				,1
				,0
				,0
				,1
				,0
				,0
				,1
				,0
				,0
				,1
				,0
				,0
				,1
				,0
				,0
				,1
				,0
				,0
				,1
				,0
				,0
				,0
				,1
				,0
				,0
				,1
				,0
				,0
				,1
				,0
				,0
				,1
				,0
				,0
				,-1
				,0
				,0
				,-1
				,0
				,0
				,-1
				,0
				,0
				,-1
				,0
				,1
				,0
				,0
				,1
				,0
				,0
				,1
				,0
				,0
				,1
				,0
				,0
				,0.707107
				,-0.707107
				,0
				,0.707107
				,-0.707107
				,0
				,0.707107
				,-0.707107
				,0
				,0.707107
				,-0.707107
				,0
				,0.707107
				,0.707107
				,0
				,0.707107
				,0.707107
				,0
				,0.707107
				,0.707107
				,0
				,0.707107
				,0.707107
				,0
				,0.707107
				,-0.707107
				,0
				,0.707107
				,-0.707107
				,0
				,0.707107
				,-0.707107
				,0
				,0.707107
				,-0.707107
				,0
				,0.707107
				,0.707107
				,0
				,0.707107
				,0.707107
				,0
				,0.707107
				,0.707107
				,0
				,0.707107
				,0.707107
				,0
				,"NaN"
				,"NaN"
				,"NaN"
				,"NaN"
				,"NaN"
				,"NaN"
				,"NaN"
				,"NaN"
				,"NaN"
				,"NaN"
				,"NaN"
				,"NaN"
				,"NaN"
				,"NaN"
				,"NaN"
				,"NaN"
				,"NaN"
				,"NaN"
				,"NaN"
				,"NaN"
				,"NaN"
				,"NaN"
				,"NaN"
				,"NaN"
			]
			,