{
	 "rootnode": {
		 "name": "RootNode"
		,"transformation": [
			 1
			,0
			,0
			,0
			,0
			,1
			,0
			,0
			,0
			,0
			,1
			,0
			,0
			,0
			,0
			,1
		]
		,"children": [
			{
				 "name": "box_A"
				,"transformation": [
					 100
					,0
					,0
					,0
					,0
					,-1.62921e-005
					,100
					,0
					,0
					,-100
					,-1.62921e-005
					,0
					,0
					,0
					,0
					,1
				]
				,"meshes": [
					 0
				]
			}
		]
	}
	,"flags": 8
	,"meshes": [
		{
			 "name": "Cube.929"
			,"materialindex": 0
			,"primitivetypes": 4
			,"vertices": [
				 -0.1
				,-0.1
				,-2.23517e-008
				,-0.1
				,-0.1
				,0.175768
				,-0.1
				,0.1
				,0.175768
				,-0.1
				,0.1
				,-2.23517e-008
				,0.1
				,0.1
				,0.175768
				,0.0165867
				,0.1
				,0.175768
				,0.0165867
				,-0.1
				,0.175768
				,0.1
				,-0.1
				,0.175768
				,0.1
				,0.1
				,-2.23517e-008
				,0.1
				,0.1
				,0.175768
				,0.1
				,-0.1
				,0.175768
				,0.1
				,-0.1
				,-2.23517e-008
				,0.0905421
				,-0.103077
				,0.0332982
				,0.0905421
				,-0.103077
				,0.0776715
				,0.0260447
				,-0.103077
				,0.0776715
				,0.0260447
				,-0.103077
				,0.0332982
				,-0.1
				,0.1
				,-2.23517e-008
				,-0.0165867
				,0.1
				,-2.23517e-008
				,-0.0165867
				,-0.1
				,-2.23517e-008
				,-0.1
				,-0.1
				,-2.23517e-008
				,0.1
				,-0.1
				,-2.23517e-008
				,0.1
				,-0.1
				,0.175768
				,0.0165867
				,-0.1
				,0.175768
				,0.0165867
				,-0.1
				,-2.23517e-008
				,-0.0165867
				,0.1
				,0.175768
				,-0.1
				,0.1
				,0.175768
				,-0.1
				,-0.1
				,0.175768
				,-0.0165867
				,-0.1
				,0.175768
				,0.0165867
				,0.1
				,-2.23517e-008
				,0.0165867
				,0.1
				,0.175768
				,0.1
				,0.1
				,0.175768
				,0.1
				,0.1
				,-2.23517e-008
				,-0.0165867
				,-0.1
				,-2.23517e-008
				,-0.0165867
				,-0.1
				,0.175768
				,-0.1
				,-0.1
				,0.175768
				,-0.1
				,-0.1
				,-2.23517e-008
				,0.0165867
				,0.1
				,-2.23517e-008
				,0.1
				,0.1
				,-2.23517e-008
				,0.1
				,-0.1
				,-2.23517e-008
				,0.0165867
				,-0.1
				,-2.23517e-008
				,-0.0165867
				,0.1
				,0.175768
				,-0.0165867
				,-0.1
				,0.175768
				,0.0165867
				,-0.1
				,0.175768
				,0.0165867
				,0.1
				,0.175768
				,0.0165867
				,0.1
				,-2.23517e-008
				,0.0165867
				,-0.1
				,-2.23517e-008
				,-0.0165867
				,-0.1
				,-2.23517e-008
				,-0.0165867
				,0.1
				,-2.23517e-008
				,-0.0165867
				,-0.1
				,0.175768
				,-0.0165867
				,-0.1
				,-2.23517e-008
				,0.0165867
				,-0.1
				,-2.23517e-008
				,0.0165867
				,-0.1
				,0.175768
				,0.0165867
				,0.1
				,0.175768
				,0.0165867
				,0.1
				,-2.23517e-008
				,-0.0165867
				,0.1
				,-2.23517e-008
				,-0.0165867
				,0.1
				,0.175768
				,-0.1
				,0.1
				,-2.23517e-008
				,-0.1
				,0.1
				,0.175768
				,-0.0165867
				,0.1
				,0.175768
				,-0.0165867
				,0.1
				,-2.23517e-008
				,-0.0478868
				,0.0878258
				,0.176401
				,-0.0915975
				,0.0802826
				,0.176401
				,-0.0826445
				,0.0284028
				,0.176401
				,-0.0389338
				,0.035946
				,0.176401
			]
			,"normals": [
				 -1
				,0
				,0
				,-1
				,0
				,0
				,-1
				,0
				,0
				,-1
				,0
				,0
				,0
				,0
				,1
				,0
				,0
				,1
				,0
				,0
				,1
				,0
				,0
				,1
				,1
				,0
				,0
				,1
				,0
				,0
				,1
				,0
				,0
				,1
				,0
				,0
				,0
				,-1
				,0
				,0
				,-1
				,0
				,0
				,-1
				,0
				,0
				,-1
				,0
				,0
				,0
				,-1
				,0
				,0
				,-1
				,0
				,0
				,-1
				,0
				,0
				,-1
				,0
				,-1
				,0
				,0
				,-1
				,0
				,0
				,-1
				,0
				,0
				,-1
				,0
				,0
				,0
				,1
				,0
				,0
				,1
				,0
				,0
				,1
				,0
				,0
				,1
				,0
				,1
				,0
				,0
				,1
				,0
				,0
				,1
				,0
				,0
				,1
				,0
				,0
				,-1
				,0
				,0
				,-1
				,0
				,0
				,-1
				,0
				,0
				,-1
				,0
				,0
				,0
				,-1
				,0
				,0
				,-1
				,0
				,0
				,-1
				,0
				,0
				,-1
				,0
				,0
				,1
				,0
				,0
				,1
				,0
				,0
				,1
				,0
				,0
				,1
				,0
				,0
				,-1
				,0
				,0
				,-1
				,0
				,0
				,-1
				,0
				,0
				,-1
				,0
				,-1
				,0
				,0
				,-1
				,0
				,0
				,-1
				,0
				,0
				,-1
				,0
				,0
				,1
				,0
				,0
				,1
				,0
				,0
				,1
				,0
				,0
				,1
				,0
				,0
				,1
				,0
				,0
				,1
				,0
				,0
				,1
				,0
				,0
				,1
				,0
				,9.97032e-008
				,0
				,1
				,9.97032e-008
				,0
				,1
				,9.97032e-008
				,0
				,1
				,9.97032e-008
				,0
				,1
			]
			,"tangents": [
				 0
				,1
				,0
				,0
				,1
				,0
				,0
				,1
				,0
				,0
				,1
				,0
				,"NaN"
				,"NaN"
				,"NaN"
				,"NaN"
				,"NaN"
				,"NaN"
				,"NaN"
				,"NaN"
				,"NaN"
				,"NaN"
				,"NaN"
				,"NaN"
				,0
				,-1
				,0
				,0
				,-1
				,0
				,0
				,-1
				,0
				,0
				,-1
				,0
				,1
				,0
				,0
				,1
				,0
				,0
				,1
				,0
				,0
				,1
				,0
				,0
				,"NaN"
				,"NaN"
				,"NaN"
				,"NaN"
				,"NaN"
				,"NaN"
				,"NaN"
				,"NaN"
				,"NaN"
				,"NaN"
				,"NaN"
				,"NaN"
				,1
				,0
				,0
				,1
				,0
				,0
				,1
				,0
				,0
				,1
				,0
				,0
				,"NaN"
				,"NaN"
				,"NaN"
				,"NaN"
				,"NaN"
				,"NaN"
				,"NaN"
				,"NaN"
				,"NaN"
				,"NaN"
				,"NaN"
				,"NaN"
				,1
				,0
				,0
				,1
				,0
				,0
				,1
				,0
				,0
				,1
				,0
				,0
				,1
				,0
				,0
				,1
				,0
				,0
				,1
				,0
				,0
				,1
				,0
				,0
				,"NaN"
				,"NaN"
				,"NaN"
				,"NaN"
				,"NaN"
				,"NaN"
				,"NaN"
				,"NaN"
				,"NaN"
				,"NaN"
				,"NaN"
				,"NaN"
				,"NaN"
				,"NaN"
				,"NaN"
				,"NaN"
				,"NaN"
				,"NaN"
				,"NaN"
				,"NaN"
				,"NaN"
				,"NaN"
				,"NaN"
				,"NaN"
				,"NaN"
				,"NaN"
				,"NaN"
				,"NaN"
				,"NaN"
				,"NaN"
				,"NaN"
				,"NaN"
				,"NaN"
				,"NaN"
				,"NaN"
				,"NaN"
				,1
				,0
				,0
				,1
				,0
				,0
				,1
				,0
				,0
				,1
				,0
				,0
				,1
				,0
				,0
				,1
				,0
				,0
				,1
				,0
				,0
				,1
				,0
				,0
				,1
				,0
				,0
				,1
				,0
				,0
				,1
				,0
				,0
				,1
				,0
				,0
				,"NaN"
				,"NaN"
				,"NaN"
				,"NaN"
				,"NaN"
				,"NaN"
				,"NaN"
				,"NaN"
				,"NaN"
				,"NaN"
				,"NaN"
				,"NaN"
			]
			,"bitangents": [
				 "NaN"
				,"NaN"
				,"NaN"
				,"NaN"
				,"NaN"
				,"NaN"
				,"NaN"
				,"NaN"
				,"NaN"
				,"NaN"
				,"NaN"
				,"NaN"
				,0
				,1
				,0
				,0
				,1
				,0
				,0
				,1
				,0
				,0
				,1
				,0
				,"NaN"
				,"NaN"
				,"NaN"
				,"NaN"
				,"NaN"
				,"NaN"
				,"NaN"
				,"NaN"
				,"NaN"
				,"NaN"
				,"NaN"
				,"NaN"
				,0
				,0
				,-1
				,0
				,0
				,-1
				,0
				,0
				,-1
				,0
				,0
				,-1
				,0
				,-1
				,0
				,0
				,-1
				,0
				,0
				,-1
				,0
				,0
				,-1
				,0
				,0
				,0
				,-1
				,0
				,0
				,-1
				,0
				,0
				,-1
				,0
				,0
				,-1
				,0
				,1
				,0
				,0
				,1
				,0
				,0
				,1
				,0
				,0
				,1
				,0
				,0
				,0
				,-1
				,0
				,0
				,-1
				,0
				,0
				,-1
				,0
				,0
				,-1
				,0
				,0
				,-1
				,0
				,0
				,-1
				,0
				,0
				,-1
				,0
				,0
				,-1
				,0
				,-1
				,0
				,0
				,-1
				,0
				,0
				,-1
				,0
				,0
				,-1
				,0
				,0
				,1
				,0
				,0
				,1
				,0
				,0
				,1
				,0
				,0
				,1
				,0
				,0
				,-1
				,0
				,0
				,-1
				,0
				,0
				,-1
				,0
				,0
				,-1
				,0
				,0
				,0
				,-1
				,0
				,0
				,-1
				,0
				,0
				,-1
				,0
				,0
				,-1
				,0
				,0
				,-1
				,0
				,0
				,-1
				,0
				,0
				,-1
				,0
				,0
				,-1
				,0
				,0
				,-1
				,0
				,0
				,-1
				,0
				,0
				,-1
				,0
				,0
				,-1
				,-0.170057
				,0.985434
				,1.69552e-008
				,-0.170057
				,0.985434
				,1.69552e-008
				,-0.170057
				,0.985434
				,1.69552e-008
				,-0.170057
				,0.985434
				,1.69552e-008
			]
			,"numuvcomponents": [
				 2
			]
			,