{
	 "rootnode": {
		 "name": "RootNode"
		,"transformation": [
			 1
			,0
			,0
			,0
			,0
			,1
			,0
			,0
			,0
			,0
			,1
			,0
			,0
			,0
			,0
			,1
		]
		,"children": [
			{
				 "name": "trash_A"
				,"transformation": [
					 100
					,0
					,0
					,0
					,0
					,-1.62921e-005
					,100
					,0
					,0
					,-100
					,-1.62921e-005
					,0
					,0
					,0
					,0
					,1
				]
				,"meshes": [
					 0
				]
			}
		]
	}
	,"flags": 8
	,"meshes": [
		{
			 "name": "Icosphere.020"
			,"materialindex": 0
			,"primitivetypes": 4
			,"vertices": [
				 0.0666851
				,-0.0411907
				,0
				,0.0666851
				,0.0411907
				,0
				,0.0498793
				,0
				,0.0301402
				,-0.0116646
				,-0.0666484
				,0
				,0.0666851
				,-0.0411907
				,0
				,0.0154131
				,-0.0474376
				,0.0301402
				,-0.0600886
				,-3.14295e-009
				,0
				,-0.0403529
				,-0.0293178
				,0.0301402
				,-0.0116646
				,0.0666484
				,0
				,-0.0600886
				,-3.14295e-009
				,0
				,-0.0403529
				,0.0293178
				,0.0301402
				,0.0666851
				,0.0411907
				,0
				,0.0154131
				,0.0474376
				,0.0301402
				,0.0666851
				,-0.0411907
				,0
				,0.0498793
				,0
				,0.0301402
				,-0.0600886
				,-3.14295e-009
				,0
				,-0.0403529
				,-0.0293178
				,0.0301402
				,-0.0403529
				,0.0293178
				,0.0301402
				,0.0154131
				,-0.0474376
				,0.0301402
				,0.0498793
				,0
				,0.0301402
				,0.00657906
				,1.66969e-009
				,0.0523769
				,-0.0403529
				,-0.0293178
				,0.0301402
				,0.0154131
				,-0.0474376
				,0.0301402
				,0.00657906
				,1.66969e-009
				,0.0523769
				,-0.0403529
				,0.0293178
				,0.0301402
				,-0.0403529
				,-0.0293178
				,0.0301402
				,0.00657906
				,1.66969e-009
				,0.0523769
				,0.0154131
				,0.0474376
				,0.0301402
				,-0.0403529
				,0.0293178
				,0.0301402
				,0.00657906
				,1.66969e-009
				,0.0523769
				,0.0498793
				,0
				,0.0301402
				,0.0154131
				,0.0474376
				,0.0301402
				,0.00657906
				,1.66969e-009
				,0.0523769
				,-0.0116646
				,-0.0666484
				,0
				,-0.0600886
				,-3.14295e-009
				,0
				,0.0666851
				,0.0411907
				,0
			]
			,"normals": [
				 0.784106
				,-0.53606
				,-0.312756
				,0.784106
				,0.53606
				,-0.312756
				,0.633394
				,2.13316e-008
				,0.773829
				,-0.237743
				,-0.887684
				,-0.394328
				,0.784106
				,-0.53606
				,-0.312756
				,0.184387
				,-0.67137
				,0.717819
				,-0.886051
				,-2.31058e-008
				,-0.463588
				,-0.661788
				,-0.455275
				,0.595619
				,-0.237743
				,0.887684
				,-0.394328
				,-0.886051
				,-2.31058e-008
				,-0.463588
				,-0.661788
				,0.455275
				,0.595619
				,0.784106
				,0.53606
				,-0.312756
				,0.184387
				,0.67137
				,0.717819
				,0.784106
				,-0.53606
				,-0.312756
				,0.633394
				,2.13316e-008
				,0.773829
				,-0.886051
				,-2.31058e-008
				,-0.463588
				,-0.661788
				,-0.455275
				,0.595619
				,-0.661788
				,0.455275
				,0.595619
				,0.184387
				,-0.67137
				,0.717819
				,0.633394
				,2.13316e-008
				,0.773829
				,0.0627416
				,1.20806e-008
				,0.99803
				,-0.661788
				,-0.455275
				,0.595619
				,0.184387
				,-0.67137
				,0.717819
				,0.0627416
				,1.20806e-008
				,0.99803
				,-0.661788
				,0.455275
				,0.595619
				,-0.661788
				,-0.455275
				,0.595619
				,0.0627416
				,1.20806e-008
				,0.99803
				,0.184387
				,0.67137
				,0.717819
				,-0.661788
				,0.455275
				,0.595619
				,0.0627416
				,1.20806e-008
				,0.99803
				,0.633394
				,2.13316e-008
				,0.773829
				,0.184387
				,0.67137
				,0.717819
				,0.0627416
				,1.20806e-008
				,0.99803
				,-0.237743
				,-0.887684
				,-0.394328
				,-0.886051
				,-2.31058e-008
				,-0.463588
				,0.784106
				,0.53606
				,-0.312756
			]
			,"tangents": [
				 -0.497913
				,-0.84418
				,0.198602
				,0.523633
				,-0.841927
				,-0.13026
				,0.130181
				,-0.985748
				,-0.106555
				,0.969505
				,-0.24172
				,-0.0403773
				,0.609179
				,0.761114
				,0.222722
				,0.95677
				,0.289749
				,0.0252332
				,0.147979
				,-0.947686
				,-0.28283
				,0.634592
				,-0.763202
				,0.121719
				,"NaN"
				,"NaN"
				,"NaN"
				,0.147979
				,0.947686
				,-0.28283
				,0.634592
				,0.763202
				,0.121719
				,0.609179
				,-0.761115
				,0.222723
				,0.95677
				,-0.289749
				,0.0252332
				,"NaN"
				,"NaN"
				,"NaN"
				,0.379241
				,0.871675
				,-0.310416
				,-2.04729e-008
				,1
				,-1.07116e-008
				,-0.338401
				,0.890351
				,0.304566
				,0.338401
				,0.890351
				,-0.304566
				,0.741727
				,0.574234
				,0.346548
				,0.379241
				,0.871675
				,-0.310416
				,0.585879
				,0.809561
				,-0.0368315
				,0.719395
				,-0.609225
				,0.333639
				,0.953072
				,-0.0562896
				,-0.297463
				,0.949002
				,-0.309573
				,-0.0596594
				,-0.338401
				,-0.890351
				,0.304566
				,0.338401
				,-0.890351
				,-0.304566
				,7.57955e-010
				,-1
				,1.20568e-008
				,0.953072
				,0.0562895
				,-0.297463
				,0.719395
				,0.609225
				,0.333639
				,0.949002
				,0.309573
				,-0.0596594
				,0.379241
				,-0.871675
				,-0.310416
				,0.741727
				,-0.574234
				,0.346548
				,0.585879
				,-0.809561
				,-0.0368315
				,"NaN"
				,"NaN"
				,"NaN"
				,"NaN"
				,"NaN"
				,"NaN"
				,"NaN"
				,"NaN"
				,"NaN"
			]
			,"bitangents": [
				 0.497914
				,0.84418
				,-0.198602
				,-0.554323
				,0.831544
				,0.0355219
				,0.0740911
				,0.995406
				,-0.060645
				,0.246874
				,0.337415
				,-0.908408
				,-0.418287
				,-0.0841748
				,-0.904406
				,0.0362236
				,-0.725204
				,-0.687581
				,0.462092
				,0.0802663
				,-0.883192
				,-0.402932
				,-0.453976
				,-0.794702
				,-0.0121041
				,-0.408644
				,-0.912614
				,0.462092
				,-0.0802664
				,-0.883192
				,-0.402932
				,0.453976
				,-0.794702
				,-0.418287
				,0.0841747
				,-0.904406
				,0.0362237
				,0.725203
				,-0.687581
				,-0.595113
				,-0.792427
				,-0.133788
				,0.220221
				,-0.95865
				,-0.180255
				,-2.04729e-008
				,1
				,-1.07116e-008
				,-0.338401
				,0.890351
				,0.304566
				,0.338401
				,0.890351
				,-0.304566
				,-0.339992
				,0.641683
				,0.687494
				,-0.46792
				,0.796468
				,0.383001
				,-0.455911
				,0.889564
				,0.028661
				,-0.278073
				,0.88688
				,0.368942
				,-0.248201
				,0.674864
				,0.69495
				,-0.345437
				,0.938191
				,0.021716
				,0.338401
				,0.890351
				,-0.304566
				,-0.338401
				,0.890351
				,0.304566
				,-7.57955e-010
				,1
				,-1.20568e-008
				,-0.248201
				,-0.674864
				,0.69495
				,-0.278073
				,-0.88688
				,0.368942
				,-0.345437
				,-0.938191
				,0.0217161
				,-0.46792
				,-0.796468
				,0.383001
				,-0.339992
				,-0.641683
				,0.687494
				,-0.455911
				,-0.889564
				,0.0286611
				,0.458334
				,-0.460452
				,0.760206
				,2.04729e-008
				,-1
				,1.07116e-008
				,0.497913
				,-0.84418
				,-0.198602
			]
			,"numuvcomponents": [
				 2
			]
			,